[{
        "key": 1,
        "puesto": "Jefe de Sucursal"
    },
    {
        "key": 2,
        "parent": 1,
        "puesto": "Cajera"
    },
    {
        "key": 3,
        "parent": 1,
        "puesto": "Vendedor"
    },
    {
        "key": 4,
        "parent": 1,
        "puesto": "Instalador"
    },
    {
        "key": 5,
        "parent": 1,
        "puesto": "Alineador"
    },
    {
        "key": 6,
        "parent": 1,
        "puesto": "Almacenista"
    }
]